{"coefficients": [-0.0004249355412767853, 2.210665061001748e-09], "independent_var_names": ["income"], "intercept": 36.03140915226299, "score": 0.6873740845123167}