{"coefficients": [-0.0002065234542691062], "independent_var_names": ["income"], "intercept": 32.44375152281613, "score": 0.6433329137979844}