{"coefficient": -0.0002065234542691062, "intercept": 32.44375152281613}